customer_id,email,signup_date,last_purchase_date,total_orders,total_spent,loyalty_tier,preferred_category,days_since_last_purchase,is_churned
C001,alice.johnson@email.com,2023-01-15,2024-11-20,12,1250.00,Gold,Electronics,64,0
C002,bob.smith@email.com,2022-06-22,2024-08-15,5,320.50,Silver,Clothing,161,1
C003,carol.white@email.com,2023-03-10,2025-01-10,28,3420.75,Platinum,Home & Garden,13,0
C004,david.brown@email.com,2021-11-05,2024-05-22,3,89.99,Bronze,Books,246,1
C005,emma.davis@email.com,2023-07-19,2025-01-05,15,890.25,Gold,Electronics,18,0
C006,frank.miller@email.com,2022-02-28,2024-12-28,22,2100.00,Platinum,Sports,26,0
C007,grace.wilson@email.com,2023-09-01,2024-06-10,2,45.00,Bronze,Beauty,227,1
C008,henry.taylor@email.com,2022-12-12,2025-01-15,19,1675.50,Gold,Electronics,8,0
C009,isabel.anderson@email.com,2023-05-05,2024-10-30,8,520.00,Silver,Clothing,85,0
C010,jack.thomas@email.com,2021-08-20,2024-03-15,4,210.75,Bronze,Books,314,1
C011,kate.jackson@email.com,2023-11-11,2025-01-18,6,445.00,Silver,Home & Garden,5,0
C012,liam.harris@email.com,2022-04-15,2024-09-05,11,980.25,Gold,Sports,140,1
C013,mia.martin@email.com,2023-02-20,2024-12-22,14,1120.00,Gold,Beauty,32,0
C014,noah.garcia@email.com,2022-09-30,2024-07-18,7,385.50,Silver,Clothing,189,1
C015,olivia.martinez@email.com,2023-06-14,2025-01-12,21,2450.00,Platinum,Electronics,11,0
C016,peter.robinson@email.com,2021-05-25,2024-04-02,6,275.00,Silver,Books,296,1
C017,quinn.clark@email.com,2023-08-08,2024-11-30,9,670.75,Silver,Home & Garden,54,0
C018,rachel.rodriguez@email.com,2022-01-10,2025-01-08,25,3100.50,Platinum,Sports,15,0
C019,sam.lewis@email.com,2023-04-25,2024-08-25,4,180.00,Bronze,Beauty,151,1
C020,tina.lee@email.com,2022-07-07,2024-12-15,16,1340.25,Gold,Clothing,39,0
C021,uma.walker@email.com,2023-10-20,2025-01-20,3,125.00,Bronze,Electronics,3,0
C022,victor.hall@email.com,2021-12-01,2024-02-28,8,620.00,Silver,Home & Garden,330,1
C023,wendy.allen@email.com,2023-01-30,2024-10-10,10,845.50,Gold,Sports,105,0
C024,xavier.young@email.com,2022-05-18,2024-11-05,13,1050.75,Gold,Beauty,79,0
C025,yolanda.king@email.com,2023-07-01,2024-06-20,2,55.00,Bronze,Books,217,1
C026,zach.wright@email.com,2022-10-10,2025-01-16,18,1890.00,Platinum,Clothing,7,0
C027,amy.lopez@email.com,2023-03-22,2024-09-18,6,410.25,Silver,Electronics,127,1
C028,brian.hill@email.com,2021-09-15,2024-12-05,24,2780.50,Platinum,Home & Garden,49,0
C029,claire.scott@email.com,2023-12-01,2025-01-14,4,285.00,Bronze,Sports,9,0
C030,derek.green@email.com,2022-03-05,2024-07-30,9,590.75,Silver,Beauty,177,1
C031,elena.adams@email.com,2023-05-15,2024-11-25,11,920.00,Gold,Books,59,0
C032,felix.baker@email.com,2021-07-22,2024-04-15,5,340.50,Silver,Clothing,283,1
C033,gina.gonzalez@email.com,2023-09-10,2025-01-19,7,510.25,Silver,Electronics,4,0
C034,harold.nelson@email.com,2022-06-01,2024-10-20,15,1280.00,Gold,Home & Garden,95,0
C035,iris.carter@email.com,2023-02-14,2024-08-08,3,95.00,Bronze,Sports,168,1
C036,james.mitchell@email.com,2022-11-25,2024-12-30,20,2250.75,Platinum,Beauty,24,0
C037,kelly.perez@email.com,2023-04-05,2024-06-25,4,175.50,Bronze,Books,212,1
C038,logan.roberts@email.com,2021-10-30,2025-01-11,27,3350.00,Platinum,Clothing,12,0
C039,madison.turner@email.com,2023-08-20,2024-11-15,8,635.25,Silver,Electronics,69,0
C040,nathan.phillips@email.com,2022-02-12,2024-05-10,6,420.00,Silver,Home & Garden,258,1
C041,olivia.campbell@email.com,2023-06-28,2024-12-18,12,1015.50,Gold,Sports,36,0
C042,paul.parker@email.com,2021-04-18,2024-03-22,7,485.75,Silver,Beauty,307,1
C043,queenie.evans@email.com,2023-11-05,2025-01-17,5,375.00,Silver,Books,6,0
C044,ryan.edwards@email.com,2022-08-14,2024-09-28,14,1150.25,Gold,Clothing,117,0
C045,sophia.collins@email.com,2023-01-08,2024-07-05,3,110.00,Bronze,Electronics,202,1
C046,thomas.stewart@email.com,2022-12-20,2024-12-12,17,1540.50,Gold,Home & Garden,42,0
C047,ursula.sanchez@email.com,2023-05-30,2024-10-02,6,445.75,Silver,Sports,113,0
C048,vincent.morris@email.com,2021-06-10,2024-04-28,9,710.00,Silver,Beauty,270,1
C049,willow.rogers@email.com,2023-10-12,2025-01-13,8,620.25,Silver,Books,10,0
C050,xavier.reed@email.com,2022-04-25,2024-11-08,19,1780.50,Platinum,Clothing,76,0
